Designator,Device,Footprint,Mid X,Mid Y,Ref X,Ref Y,Pad X,Pad Y,Pins,Layer,Rotation,SMD,Comment
"SW1"	,"CPG135001D01"	,"KEY-TH_CPG135001D0X"	,"12.446mm"	,"-46.355mm"	,"12.446mm"	,"-46.355mm"	,"9.947mm"	,"-45.306mm"	,"2"	,"T"	,"0"	,"No"	,"CPG135001D01"	,
"SW2"	,"CPG135001D01"	,"KEY-TH_CPG135001D0X"	,"12.446mm"	,"-63.855mm"	,"12.446mm"	,"-63.855mm"	,"9.947mm"	,"-62.806mm"	,"2"	,"T"	,"0"	,"No"	,"CPG135001D01"	,
"SW3"	,"CPG135001D01"	,"KEY-TH_CPG135001D0X"	,"12.446mm"	,"-81.355mm"	,"12.446mm"	,"-81.355mm"	,"9.947mm"	,"-80.306mm"	,"2"	,"T"	,"0"	,"No"	,"CPG135001D01"	,
"SW4"	,"CPG135001D01"	,"KEY-TH_CPG135001D0X"	,"12.446mm"	,"-98.855mm"	,"12.446mm"	,"-98.855mm"	,"9.947mm"	,"-97.806mm"	,"2"	,"T"	,"0"	,"No"	,"CPG135001D01"	,
"SW5"	,"CPG135001D01"	,"KEY-TH_CPG135001D0X"	,"12.446mm"	,"-116.355mm"	,"12.446mm"	,"-116.355mm"	,"9.947mm"	,"-115.306mm"	,"2"	,"T"	,"0"	,"No"	,"CPG135001D01"	,
"SW7"	,"CPG135001D01"	,"KEY-TH_CPG135001D0X"	,"29.946mm"	,"-63.855mm"	,"29.946mm"	,"-63.855mm"	,"27.447mm"	,"-62.806mm"	,"2"	,"T"	,"0"	,"No"	,"CPG135001D01"	,
"SW8"	,"CPG135001D01"	,"KEY-TH_CPG135001D0X"	,"29.946mm"	,"-81.355mm"	,"29.946mm"	,"-81.355mm"	,"27.447mm"	,"-80.306mm"	,"2"	,"T"	,"0"	,"No"	,"CPG135001D01"	,
"SW9"	,"CPG135001D01"	,"KEY-TH_CPG135001D0X"	,"29.946mm"	,"-98.855mm"	,"29.946mm"	,"-98.855mm"	,"27.447mm"	,"-97.806mm"	,"2"	,"T"	,"0"	,"No"	,"CPG135001D01"	,
"SW10"	,"CPG135001D01"	,"KEY-TH_CPG135001D0X"	,"29.946mm"	,"-116.355mm"	,"29.946mm"	,"-116.355mm"	,"27.447mm"	,"-115.306mm"	,"2"	,"T"	,"0"	,"No"	,"CPG135001D01"	,
"SW11"	,"CPG135001D01"	,"KEY-TH_CPG135001D0X"	,"47.446mm"	,"-46.355mm"	,"47.446mm"	,"-46.355mm"	,"44.947mm"	,"-45.306mm"	,"2"	,"T"	,"0"	,"No"	,"CPG135001D01"	,
"SW12"	,"CPG135001D01"	,"KEY-TH_CPG135001D0X"	,"47.446mm"	,"-63.855mm"	,"47.446mm"	,"-63.855mm"	,"44.947mm"	,"-62.806mm"	,"2"	,"T"	,"0"	,"No"	,"CPG135001D01"	,
"SW13"	,"CPG135001D01"	,"KEY-TH_CPG135001D0X"	,"47.446mm"	,"-81.355mm"	,"47.446mm"	,"-81.355mm"	,"44.947mm"	,"-80.306mm"	,"2"	,"T"	,"0"	,"No"	,"CPG135001D01"	,
"SW14"	,"CPG135001D01"	,"KEY-TH_CPG135001D0X"	,"47.446mm"	,"-98.855mm"	,"47.446mm"	,"-98.855mm"	,"44.947mm"	,"-97.806mm"	,"2"	,"T"	,"0"	,"No"	,"CPG135001D01"	,
"SW15"	,"CPG135001D01"	,"KEY-TH_CPG135001D0X"	,"47.446mm"	,"-116.355mm"	,"47.446mm"	,"-116.355mm"	,"44.947mm"	,"-115.306mm"	,"2"	,"T"	,"0"	,"No"	,"CPG135001D01"	,
"SW16"	,"CPG135001D01"	,"KEY-TH_CPG135001D0X"	,"64.946mm"	,"-46.355mm"	,"64.946mm"	,"-46.355mm"	,"62.447mm"	,"-45.306mm"	,"2"	,"T"	,"0"	,"No"	,"CPG135001D01"	,
"SW17"	,"CPG135001D01"	,"KEY-TH_CPG135001D0X"	,"64.946mm"	,"-63.855mm"	,"64.946mm"	,"-63.855mm"	,"62.447mm"	,"-62.806mm"	,"2"	,"T"	,"0"	,"No"	,"CPG135001D01"	,
"SW18"	,"CPG135001D01"	,"KEY-TH_CPG135001D0X"	,"64.946mm"	,"-81.355mm"	,"64.946mm"	,"-81.355mm"	,"62.447mm"	,"-80.306mm"	,"2"	,"T"	,"0"	,"No"	,"CPG135001D01"	,
"SW19"	,"CPG135001D01"	,"KEY-TH_CPG135001D0X"	,"64.946mm"	,"-98.855mm"	,"64.946mm"	,"-98.855mm"	,"62.447mm"	,"-97.806mm"	,"2"	,"T"	,"0"	,"No"	,"CPG135001D01"	,
"SW20"	,"CPG135001D01"	,"KEY-TH_CPG135001D0X"	,"64.946mm"	,"-116.355mm"	,"64.946mm"	,"-116.355mm"	,"62.447mm"	,"-115.306mm"	,"2"	,"T"	,"0"	,"No"	,"CPG135001D01"	,
"SW21"	,"CPG135001D01"	,"KEY-TH_CPG135001D0X"	,"82.446mm"	,"-46.355mm"	,"82.446mm"	,"-46.355mm"	,"79.947mm"	,"-45.306mm"	,"2"	,"T"	,"0"	,"No"	,"CPG135001D01"	,
"SW22"	,"CPG135001D01"	,"KEY-TH_CPG135001D0X"	,"82.446mm"	,"-63.855mm"	,"82.446mm"	,"-63.855mm"	,"79.947mm"	,"-62.806mm"	,"2"	,"T"	,"0"	,"No"	,"CPG135001D01"	,
"SW23"	,"CPG135001D01"	,"KEY-TH_CPG135001D0X"	,"82.446mm"	,"-81.355mm"	,"82.446mm"	,"-81.355mm"	,"79.947mm"	,"-80.306mm"	,"2"	,"T"	,"0"	,"No"	,"CPG135001D01"	,
"SW24"	,"CPG135001D01"	,"KEY-TH_CPG135001D0X"	,"82.446mm"	,"-98.855mm"	,"82.446mm"	,"-98.855mm"	,"79.947mm"	,"-97.806mm"	,"2"	,"T"	,"0"	,"No"	,"CPG135001D01"	,
"SW25"	,"CPG135001D01"	,"KEY-TH_CPG135001D0X"	,"82.446mm"	,"-116.355mm"	,"82.446mm"	,"-116.355mm"	,"79.947mm"	,"-115.306mm"	,"2"	,"T"	,"0"	,"No"	,"CPG135001D01"	,
"SW26"	,"CPG135001D01"	,"KEY-TH_CPG135001D0X"	,"99.946mm"	,"-46.355mm"	,"99.946mm"	,"-46.355mm"	,"97.447mm"	,"-45.306mm"	,"2"	,"T"	,"0"	,"No"	,"CPG135001D01"	,
"SW27"	,"CPG135001D01"	,"KEY-TH_CPG135001D0X"	,"99.946mm"	,"-63.855mm"	,"99.946mm"	,"-63.855mm"	,"97.447mm"	,"-62.806mm"	,"2"	,"T"	,"0"	,"No"	,"CPG135001D01"	,
"SW28"	,"CPG135001D01"	,"KEY-TH_CPG135001D0X"	,"99.946mm"	,"-81.355mm"	,"99.946mm"	,"-81.355mm"	,"97.447mm"	,"-80.306mm"	,"2"	,"T"	,"0"	,"No"	,"CPG135001D01"	,
"SW29"	,"CPG135001D01"	,"KEY-TH_CPG135001D0X"	,"99.946mm"	,"-98.855mm"	,"99.946mm"	,"-98.855mm"	,"97.447mm"	,"-97.806mm"	,"2"	,"T"	,"0"	,"No"	,"CPG135001D01"	,
"D1"	,"1N4148"	,"DO-35_BD2.0-L4.2-P8.20-D0.5-RD"	,"9.947mm"	,"-59.938mm"	,"9.947mm"	,"-59.938mm"	,"5.847mm"	,"-59.938mm"	,"2"	,"B"	,"0"	,"No"	,"1N4148"	,
"D2"	,"1N4148"	,"DO-35_BD2.0-L4.2-P8.20-D0.5-RD"	,"9.947mm"	,"-77.438mm"	,"9.947mm"	,"-77.438mm"	,"5.847mm"	,"-77.438mm"	,"2"	,"B"	,"0"	,"No"	,"1N4148"	,
"D3"	,"1N4148"	,"DO-35_BD2.0-L4.2-P8.20-D0.5-RD"	,"9.947mm"	,"-94.938mm"	,"9.947mm"	,"-94.938mm"	,"5.847mm"	,"-94.938mm"	,"2"	,"B"	,"0"	,"No"	,"1N4148"	,
"D4"	,"1N4148"	,"DO-35_BD2.0-L4.2-P8.20-D0.5-RD"	,"9.947mm"	,"-112.438mm"	,"9.947mm"	,"-112.438mm"	,"5.847mm"	,"-112.438mm"	,"2"	,"B"	,"0"	,"No"	,"1N4148"	,
"D5"	,"1N4148"	,"DO-35_BD2.0-L4.2-P8.20-D0.5-RD"	,"9.947mm"	,"-129.938mm"	,"9.947mm"	,"-129.938mm"	,"5.847mm"	,"-129.938mm"	,"2"	,"B"	,"0"	,"No"	,"1N4148"	,
"D6"	,"1N4148"	,"DO-35_BD2.0-L4.2-P8.20-D0.5-RD"	,"27.447mm"	,"-59.938mm"	,"27.447mm"	,"-59.938mm"	,"23.347mm"	,"-59.938mm"	,"2"	,"B"	,"0"	,"No"	,"1N4148"	,
"D7"	,"1N4148"	,"DO-35_BD2.0-L4.2-P8.20-D0.5-RD"	,"27.447mm"	,"-77.438mm"	,"27.447mm"	,"-77.438mm"	,"23.347mm"	,"-77.438mm"	,"2"	,"B"	,"0"	,"No"	,"1N4148"	,
"D8"	,"1N4148"	,"DO-35_BD2.0-L4.2-P8.20-D0.5-RD"	,"27.447mm"	,"-94.938mm"	,"27.447mm"	,"-94.938mm"	,"23.347mm"	,"-94.938mm"	,"2"	,"B"	,"0"	,"No"	,"1N4148"	,
"D9"	,"1N4148"	,"DO-35_BD2.0-L4.2-P8.20-D0.5-RD"	,"27.447mm"	,"-112.438mm"	,"27.447mm"	,"-112.438mm"	,"23.347mm"	,"-112.438mm"	,"2"	,"B"	,"0"	,"No"	,"1N4148"	,
"D10"	,"1N4148"	,"DO-35_BD2.0-L4.2-P8.20-D0.5-RD"	,"27.447mm"	,"-129.938mm"	,"27.447mm"	,"-129.938mm"	,"23.347mm"	,"-129.938mm"	,"2"	,"B"	,"0"	,"No"	,"1N4148"	,
"D11"	,"1N4148"	,"DO-35_BD2.0-L4.2-P8.20-D0.5-RD"	,"44.947mm"	,"-59.938mm"	,"44.947mm"	,"-59.938mm"	,"40.847mm"	,"-59.938mm"	,"2"	,"B"	,"0"	,"No"	,"1N4148"	,
"D12"	,"1N4148"	,"DO-35_BD2.0-L4.2-P8.20-D0.5-RD"	,"44.947mm"	,"-77.438mm"	,"44.947mm"	,"-77.438mm"	,"40.847mm"	,"-77.438mm"	,"2"	,"B"	,"0"	,"No"	,"1N4148"	,
"D13"	,"1N4148"	,"DO-35_BD2.0-L4.2-P8.20-D0.5-RD"	,"44.947mm"	,"-94.938mm"	,"44.947mm"	,"-94.938mm"	,"40.847mm"	,"-94.938mm"	,"2"	,"B"	,"0"	,"No"	,"1N4148"	,
"D14"	,"1N4148"	,"DO-35_BD2.0-L4.2-P8.20-D0.5-RD"	,"44.947mm"	,"-112.438mm"	,"44.947mm"	,"-112.438mm"	,"40.847mm"	,"-112.438mm"	,"2"	,"B"	,"0"	,"No"	,"1N4148"	,
"D15"	,"1N4148"	,"DO-35_BD2.0-L4.2-P8.20-D0.5-RD"	,"44.947mm"	,"-129.938mm"	,"44.947mm"	,"-129.938mm"	,"40.847mm"	,"-129.938mm"	,"2"	,"B"	,"0"	,"No"	,"1N4148"	,
"D16"	,"1N4148"	,"DO-35_BD2.0-L4.2-P8.20-D0.5-RD"	,"62.447mm"	,"-59.938mm"	,"62.447mm"	,"-59.938mm"	,"58.347mm"	,"-59.938mm"	,"2"	,"B"	,"0"	,"No"	,"1N4148"	,
"D17"	,"1N4148"	,"DO-35_BD2.0-L4.2-P8.20-D0.5-RD"	,"62.447mm"	,"-77.438mm"	,"62.447mm"	,"-77.438mm"	,"58.347mm"	,"-77.438mm"	,"2"	,"B"	,"0"	,"No"	,"1N4148"	,
"D18"	,"1N4148"	,"DO-35_BD2.0-L4.2-P8.20-D0.5-RD"	,"62.447mm"	,"-94.938mm"	,"62.447mm"	,"-94.938mm"	,"58.347mm"	,"-94.938mm"	,"2"	,"B"	,"0"	,"No"	,"1N4148"	,
"D19"	,"1N4148"	,"DO-35_BD2.0-L4.2-P8.20-D0.5-RD"	,"62.447mm"	,"-112.438mm"	,"62.447mm"	,"-112.438mm"	,"58.347mm"	,"-112.438mm"	,"2"	,"B"	,"0"	,"No"	,"1N4148"	,
"D20"	,"1N4148"	,"DO-35_BD2.0-L4.2-P8.20-D0.5-RD"	,"62.447mm"	,"-129.938mm"	,"62.447mm"	,"-129.938mm"	,"58.347mm"	,"-129.938mm"	,"2"	,"B"	,"0"	,"No"	,"1N4148"	,
"D21"	,"1N4148"	,"DO-35_BD2.0-L4.2-P8.20-D0.5-RD"	,"79.947mm"	,"-59.938mm"	,"79.947mm"	,"-59.938mm"	,"75.847mm"	,"-59.938mm"	,"2"	,"B"	,"0"	,"No"	,"1N4148"	,
"D22"	,"1N4148"	,"DO-35_BD2.0-L4.2-P8.20-D0.5-RD"	,"79.947mm"	,"-77.438mm"	,"79.947mm"	,"-77.438mm"	,"75.847mm"	,"-77.438mm"	,"2"	,"B"	,"0"	,"No"	,"1N4148"	,
"D23"	,"1N4148"	,"DO-35_BD2.0-L4.2-P8.20-D0.5-RD"	,"79.947mm"	,"-94.938mm"	,"79.947mm"	,"-94.938mm"	,"75.847mm"	,"-94.938mm"	,"2"	,"B"	,"0"	,"No"	,"1N4148"	,
"D24"	,"1N4148"	,"DO-35_BD2.0-L4.2-P8.20-D0.5-RD"	,"79.947mm"	,"-112.438mm"	,"79.947mm"	,"-112.438mm"	,"75.847mm"	,"-112.438mm"	,"2"	,"B"	,"0"	,"No"	,"1N4148"	,
"D25"	,"1N4148"	,"DO-35_BD2.0-L4.2-P8.20-D0.5-RD"	,"79.947mm"	,"-129.938mm"	,"79.947mm"	,"-129.938mm"	,"75.847mm"	,"-129.938mm"	,"2"	,"B"	,"0"	,"No"	,"1N4148"	,
"D26"	,"1N4148"	,"DO-35_BD2.0-L4.2-P8.20-D0.5-RD"	,"97.447mm"	,"-59.938mm"	,"97.447mm"	,"-59.938mm"	,"93.347mm"	,"-59.938mm"	,"2"	,"B"	,"0"	,"No"	,"1N4148"	,
"D27"	,"1N4148"	,"DO-35_BD2.0-L4.2-P8.20-D0.5-RD"	,"97.447mm"	,"-77.438mm"	,"97.447mm"	,"-77.438mm"	,"93.347mm"	,"-77.438mm"	,"2"	,"B"	,"0"	,"No"	,"1N4148"	,
"D28"	,"1N4148"	,"DO-35_BD2.0-L4.2-P8.20-D0.5-RD"	,"97.447mm"	,"-94.938mm"	,"97.447mm"	,"-94.938mm"	,"93.347mm"	,"-94.938mm"	,"2"	,"B"	,"0"	,"No"	,"1N4148"	,
"D29"	,"1N4148"	,"DO-35_BD2.0-L4.2-P8.20-D0.5-RD"	,"97.447mm"	,"-112.438mm"	,"97.447mm"	,"-112.438mm"	,"93.347mm"	,"-112.438mm"	,"2"	,"B"	,"0"	,"No"	,"1N4148"	,
"D30"	,"1N4148"	,"DO-35_BD2.0-L4.2-P8.20-D0.5-RD"	,"97.447mm"	,"-129.938mm"	,"97.447mm"	,"-129.938mm"	,"93.347mm"	,"-129.938mm"	,"2"	,"B"	,"0"	,"No"	,"1N4148"	,
"U1"	,"4056"	,"ESOP-8_L4.9-W3.9-P1.27-LS6.0-BL-EP"	,"12.736mm"	,"-13.434mm"	,"12.736mm"	,"-13.434mm"	,"10.831mm"	,"-16.342mm"	,"9"	,"T"	,"0"	,"Yes"	,"4056"	,
"LED2"	,"19-217/GHC-YR1S2/3T"	,"LED0603-R-RD"	,"5.21mm"	,"-11.738mm"	,"5.21mm"	,"-11.738mm"	,"5.21mm"	,"-12.589mm"	,"2"	,"T"	,"270"	,"Yes"	,"19-217/GHC-YR1S2/3T"	,
"LED1"	,"19-217/R6C-AL1M2VY/3T"	,"LED0603-R-RD"	,"7.242mm"	,"-11.7mm"	,"7.242mm"	,"-11.7mm"	,"7.242mm"	,"-12.55mm"	,"2"	,"T"	,"270"	,"Yes"	,"19-217/R6C-AL1M2VY/3T"	,
"BAT+"	,"2.54-1*1P针"	,"HDR-TH_1P-P2.54-V-M"	,"17.272mm"	,"-8.026mm"	,"17.272mm"	,"-8.026mm"	,"17.272mm"	,"-8.026mm"	,"1"	,"T"	,"180"	,"No"	,"2.54-1*1P针"	,
"U2"	,"DW01"	,"SOT-23-6_L2.9-W1.6-P0.95-LS2.8-BR"	,"20.955mm"	,"-16.662mm"	,"20.955mm"	,"-16.662mm"	,"22.355mm"	,"-17.612mm"	,"6"	,"T"	,"0"	,"Yes"	,"DW01"	,
"C2"	,"CC0603KRX7R9BB104"	,"C0603"	,"17.272mm"	,"-16.854mm"	,"17.272mm"	,"-16.854mm"	,"17.272mm"	,"-17.554mm"	,"2"	,"T"	,"90"	,"Yes"	,"CC0603KRX7R9BB104_0.1uF"	,
"Q1"	,"FS8205"	,"SOT-23-6_L2.9-W1.6-P0.95-LS2.8-BR"	,"20.955mm"	,"-11.582mm"	,"20.955mm"	,"-11.582mm"	,"19.555mm"	,"-10.632mm"	,"6"	,"T"	,"180"	,"Yes"	,"FS8205"	,
"BAT-"	,"2.54-1*1P针"	,"HDR-TH_1P-P2.54-V-M"	,"17.272mm"	,"-19.939mm"	,"17.272mm"	,"-19.939mm"	,"17.272mm"	,"-19.939mm"	,"1"	,"T"	,"180"	,"No"	,"2.54-1*1P针"	,
"+3.3V"	,"2.54-1*1P针"	,"HDR-TH_1P-P2.54-V-M"	,"40.259mm"	,"-21.336mm"	,"40.259mm"	,"-21.336mm"	,"40.259mm"	,"-21.336mm"	,"1"	,"T"	,"0"	,"No"	,"2.54-1*1P针"	,
"GND"	,"2.54-1*1P针"	,"HDR-TH_1P-P2.54-V-M"	,"29.337mm"	,"-21.336mm"	,"29.337mm"	,"-21.336mm"	,"29.337mm"	,"-21.336mm"	,"1"	,"T"	,"0"	,"No"	,"2.54-1*1P针"	,
"C5"	,"CC0603KRX7R9BB104"	,"C0603"	,"46.355mm"	,"-12.762mm"	,"46.355mm"	,"-12.762mm"	,"46.355mm"	,"-12.062mm"	,"2"	,"T"	,"270"	,"Yes"	,"CC0603KRX7R9BB104_0.1uF"	,
"C6"	,"CC0603KRX7R9BB104"	,"C0603"	,"42.799mm"	,"-14.289mm"	,"42.799mm"	,"-14.289mm"	,"42.799mm"	,"-13.589mm"	,"2"	,"T"	,"270"	,"Yes"	,"CC0603KRX7R9BB104_0.01uF"	,
"R12"	,"TR0603B10K0P0525Z"	,"R0603"	,"69.596mm"	,"-29.328mm"	,"69.596mm"	,"-29.328mm"	,"69.596mm"	,"-30.082mm"	,"2"	,"T"	,"90"	,"Yes"	,"TR0603B10K0P0525Z_10kΩ"	,
"TX"	,"2.54-1*1P针"	,"HDR-TH_1P-P2.54-V-M"	,"77.47mm"	,"-9.017mm"	,"77.47mm"	,"-9.017mm"	,"77.47mm"	,"-9.017mm"	,"1"	,"T"	,"180"	,"No"	,"2.54-1*1P针"	,
"RX"	,"2.54-1*1P针"	,"HDR-TH_1P-P2.54-V-M"	,"80.01mm"	,"-9.017mm"	,"80.01mm"	,"-9.017mm"	,"80.01mm"	,"-9.017mm"	,"1"	,"T"	,"180"	,"No"	,"2.54-1*1P针"	,
"PWR"	,"19-217/R6C-AL1M2VY/3T"	,"LED0603-R-RD"	,"45.428mm"	,"-2.794mm"	,"45.428mm"	,"-2.794mm"	,"44.577mm"	,"-2.794mm"	,"2"	,"T"	,"180"	,"Yes"	,"19-217/R6C-AL1M2VY/3T"	,
"USBC1"	,"TYPE-C-31-M-12"	,"USB-C_SMD-TYPE-C-31-M-12"	,"4.445mm"	,"-22.098mm"	,"4.445mm"	,"-22.098mm"	,"1.961mm"	,"-17.773mm"	,"20"	,"T"	,"270"	,"No"	,"TYPE-C-31-M-12"	,
"SW6"	,"CPG135001D01"	,"KEY-TH_CPG135001D0X"	,"29.946mm"	,"-46.355mm"	,"29.946mm"	,"-46.355mm"	,"27.447mm"	,"-45.306mm"	,"2"	,"T"	,"0"	,"No"	,"CPG135001D01"	,
"U4"	,"ESP32-WROOM-32E-H4"	,"WIFI-SMD_ESP32-WROOM-32E"	,"58.237mm"	,"-21.067mm"	,"58.237mm"	,"-21.067mm"	,"49.236mm"	,"-12.065mm"	,"47"	,"T"	,"270"	,"Yes"	,"ESP32-WROOM-32E-H4"	,
"SW35"	,"SK12D07VG4"	,"SW-TH_SK12D07VG4"	,"28.575mm"	,"-2.286mm"	,"28.575mm"	,"-2.286mm"	,"30.574mm"	,"-2.286mm"	,"5"	,"T"	,"180"	,"No"	,"SK12D07VG4"	,
"Q2"	,"AO3401A_C15127"	,"SOT-23_L2.9-W1.3-P1.90-LS2.4-BR"	,"17.399mm"	,"-3.429mm"	,"17.399mm"	,"-3.429mm"	,"18.549mm"	,"-4.379mm"	,"3"	,"T"	,"0"	,"Yes"	,"AO3401A_C15127"	,
"D32"	,"SS34_C8678"	,"DO-214AC_L4.3-W2.7-LS5.3-RD"	,"21.336mm"	,"-4.192mm"	,"21.336mm"	,"-4.191mm"	,"21.336mm"	,"-1.892mm"	,"2"	,"T"	,"270"	,"Yes"	,"SS34_C8678"	,
"U6"	,"CH340C"	,"SOP-16_L10.0-W3.9-P1.27-LS6.0-BL"	,"15.513mm"	,"-26.933mm"	,"15.513mm"	,"-26.933mm"	,"19.958mm"	,"-24.06mm"	,"16"	,"T"	,"180"	,"Yes"	,"CH340C"	,
"R15"	,"TR0603B10K0P0525Z"	,"R0603"	,"14.971mm"	,"-33.824mm"	,"14.971mm"	,"-33.824mm"	,"15.724mm"	,"-33.824mm"	,"2"	,"T"	,"180"	,"Yes"	,"TR0603B10K0P0525Z_10kΩ"	,
"Q3"	,"S8050"	,"SOT-23-3_L2.9-W1.3-P1.90-LS2.4-BR"	,"18.408mm"	,"-33.189mm"	,"18.408mm"	,"-33.189mm"	,"19.358mm"	,"-32.189mm"	,"3"	,"T"	,"90"	,"Yes"	,"S8050"	,
"Q4"	,"S8050"	,"SOT-23-3_L2.9-W1.3-P1.90-LS2.4-BR"	,"11.55mm"	,"-33.189mm"	,"11.55mm"	,"-33.189mm"	,"12.5mm"	,"-32.189mm"	,"3"	,"T"	,"90"	,"Yes"	,"S8050"	,
"R16"	,"TR0603B10K0P0525Z"	,"R0603"	,"14.971mm"	,"-32.173mm"	,"14.971mm"	,"-32.173mm"	,"14.217mm"	,"-32.173mm"	,"2"	,"T"	,"0"	,"Yes"	,"TR0603B10K0P0525Z_10kΩ"	,
"C7"	,"CC0603KRX7R9BB104"	,"C0603"	,"21.721mm"	,"-26.891mm"	,"21.721mm"	,"-26.891mm"	,"21.721mm"	,"-26.191mm"	,"2"	,"T"	,"270"	,"Yes"	,"CC0603KRX7R9BB104_0.1uF"	,
"U7"	,"TPS63802DLAR_C2845237"	,"VSON-10_L3.0-W2.0-P0.50-TL"	,"33.401mm"	,"-13.091mm"	,"33.401mm"	,"-13.091mm"	,"32.401mm"	,"-13.916mm"	,"10"	,"T"	,"90"	,"Yes"	,"TPS63802DLAR_C2845237"	,
"L2"	,"MHCI05030-R47M-R8"	,"IND-SMD_L5.7-W5.4"	,"33.401mm"	,"-8.382mm"	,"33.401mm"	,"-8.382mm"	,"31.201mm"	,"-8.382mm"	,"2"	,"T"	,"0"	,"Yes"	,"MHCI05030-R47M-R8_470nH"	,
"4"	,"2.54-1*1P针"	,"HDR-TH_1P-P2.54-V-M"	,"97.79mm"	,"-9.017mm"	,"97.79mm"	,"-9.017mm"	,"97.79mm"	,"-9.017mm"	,"1"	,"T"	,"0"	,"No"	,"2.54-1*1P针"	,
"5"	,"2.54-1*1P针"	,"HDR-TH_1P-P2.54-V-M"	,"90.17mm"	,"-9.017mm"	,"90.17mm"	,"-9.017mm"	,"90.17mm"	,"-9.017mm"	,"1"	,"T"	,"0"	,"No"	,"2.54-1*1P针"	,
"12"	,"2.54-1*1P针"	,"HDR-TH_1P-P2.54-V-M"	,"97.79mm"	,"-11.557mm"	,"97.79mm"	,"-11.557mm"	,"97.79mm"	,"-11.557mm"	,"1"	,"T"	,"0"	,"No"	,"2.54-1*1P针"	,
"14"	,"2.54-1*1P针"	,"HDR-TH_1P-P2.54-V-M"	,"95.25mm"	,"-11.557mm"	,"95.25mm"	,"-11.557mm"	,"95.25mm"	,"-11.557mm"	,"1"	,"T"	,"180"	,"No"	,"2.54-1*1P针"	,
"16"	,"2.54-1*1P针"	,"HDR-TH_1P-P2.54-V-M"	,"95.25mm"	,"-9.017mm"	,"95.25mm"	,"-9.017mm"	,"95.25mm"	,"-9.017mm"	,"1"	,"T"	,"0"	,"No"	,"2.54-1*1P针"	,
"17"	,"2.54-1*1P针"	,"HDR-TH_1P-P2.54-V-M"	,"92.71mm"	,"-9.017mm"	,"92.71mm"	,"-9.017mm"	,"92.71mm"	,"-9.017mm"	,"1"	,"T"	,"0"	,"No"	,"2.54-1*1P针"	,
"18"	,"2.54-1*1P针"	,"HDR-TH_1P-P2.54-V-M"	,"87.63mm"	,"-9.017mm"	,"87.63mm"	,"-9.017mm"	,"87.63mm"	,"-9.017mm"	,"1"	,"T"	,"0"	,"No"	,"2.54-1*1P针"	,
"19"	,"2.54-1*1P针"	,"HDR-TH_1P-P2.54-V-M"	,"85.09mm"	,"-9.017mm"	,"85.09mm"	,"-9.017mm"	,"85.09mm"	,"-9.017mm"	,"1"	,"T"	,"0"	,"No"	,"2.54-1*1P针"	,
"21"	,"2.54-1*1P针"	,"HDR-TH_1P-P2.54-V-M"	,"82.55mm"	,"-9.017mm"	,"82.55mm"	,"-9.017mm"	,"82.55mm"	,"-9.017mm"	,"1"	,"T"	,"0"	,"No"	,"2.54-1*1P针"	,
"22"	,"2.54-1*1P针"	,"HDR-TH_1P-P2.54-V-M"	,"74.93mm"	,"-9.017mm"	,"74.93mm"	,"-9.017mm"	,"74.93mm"	,"-9.017mm"	,"1"	,"T"	,"0"	,"No"	,"2.54-1*1P针"	,
"23"	,"2.54-1*1P针"	,"HDR-TH_1P-P2.54-V-M"	,"72.39mm"	,"-9.017mm"	,"72.39mm"	,"-9.017mm"	,"72.39mm"	,"-9.017mm"	,"1"	,"T"	,"0"	,"No"	,"2.54-1*1P针"	,
"25"	,"2.54-1*1P针"	,"HDR-TH_1P-P2.54-V-M"	,"87.63mm"	,"-11.557mm"	,"87.63mm"	,"-11.557mm"	,"87.63mm"	,"-11.557mm"	,"1"	,"T"	,"0"	,"No"	,"2.54-1*1P针"	,
"26"	,"2.54-1*1P针"	,"HDR-TH_1P-P2.54-V-M"	,"90.17mm"	,"-11.557mm"	,"90.17mm"	,"-11.557mm"	,"90.17mm"	,"-11.557mm"	,"1"	,"T"	,"0"	,"No"	,"2.54-1*1P针"	,
"27"	,"2.54-1*1P针"	,"HDR-TH_1P-P2.54-V-M"	,"92.71mm"	,"-11.557mm"	,"92.71mm"	,"-11.557mm"	,"92.71mm"	,"-11.557mm"	,"1"	,"T"	,"0"	,"No"	,"2.54-1*1P针"	,
"32"	,"2.54-1*1P针"	,"HDR-TH_1P-P2.54-V-M"	,"82.55mm"	,"-11.557mm"	,"82.55mm"	,"-11.557mm"	,"82.55mm"	,"-11.557mm"	,"1"	,"T"	,"0"	,"No"	,"2.54-1*1P针"	,
"33"	,"2.54-1*1P针"	,"HDR-TH_1P-P2.54-V-M"	,"85.09mm"	,"-11.557mm"	,"85.09mm"	,"-11.557mm"	,"85.09mm"	,"-11.557mm"	,"1"	,"T"	,"0"	,"No"	,"2.54-1*1P针"	,
"34"	,"2.54-1*1P针"	,"HDR-TH_1P-P2.54-V-M"	,"77.47mm"	,"-11.557mm"	,"77.47mm"	,"-11.557mm"	,"77.47mm"	,"-11.557mm"	,"1"	,"T"	,"0"	,"No"	,"2.54-1*1P针"	,
"35"	,"2.54-1*1P针"	,"HDR-TH_1P-P2.54-V-M"	,"80.01mm"	,"-11.557mm"	,"80.01mm"	,"-11.557mm"	,"80.01mm"	,"-11.557mm"	,"1"	,"T"	,"0"	,"No"	,"2.54-1*1P针"	,
"36"	,"2.54-1*1P针"	,"HDR-TH_1P-P2.54-V-M"	,"72.39mm"	,"-11.557mm"	,"72.39mm"	,"-11.557mm"	,"72.39mm"	,"-11.557mm"	,"1"	,"T"	,"180"	,"No"	,"2.54-1*1P针"	,
"39"	,"2.54-1*1P针"	,"HDR-TH_1P-P2.54-V-M"	,"74.93mm"	,"-11.557mm"	,"74.93mm"	,"-11.557mm"	,"74.93mm"	,"-11.557mm"	,"1"	,"T"	,"0"	,"No"	,"2.54-1*1P针"	,
"13"	,"2.54-1*1P针"	,"HDR-TH_1P-P2.54-V-M"	,"69.85mm"	,"-9.017mm"	,"69.85mm"	,"-9.017mm"	,"69.85mm"	,"-9.017mm"	,"1"	,"T"	,"0"	,"No"	,"2.54-1*1P针"	,
"15"	,"2.54-1*1P针"	,"HDR-TH_1P-P2.54-V-M"	,"69.85mm"	,"-11.557mm"	,"69.85mm"	,"-11.557mm"	,"69.85mm"	,"-11.557mm"	,"1"	,"T"	,"0"	,"No"	,"2.54-1*1P针"	,
"R9"	,"RC0603FR-0710KL"	,"R0603"	,"64.008mm"	,"-33.791mm"	,"64.008mm"	,"-33.791mm"	,"64.008mm"	,"-34.544mm"	,"2"	,"T"	,"90"	,"Yes"	,"RC0603FR-0710KL_10kΩ"	,
"R1"	,"RC0603FR-071KL"	,"R0603"	,"9.915mm"	,"-8.509mm"	,"9.915mm"	,"-8.509mm"	,"10.668mm"	,"-8.509mm"	,"2"	,"T"	,"180"	,"Yes"	,"RC0603FR-071KL_1kΩ"	,
"R10"	,"RC0603FR-07100RL"	,"R0603"	,"70.603mm"	,"-15.748mm"	,"70.603mm"	,"-15.748mm"	,"71.357mm"	,"-15.748mm"	,"2"	,"T"	,"180"	,"Yes"	,"RC0603FR-07100RL_100Ω"	,
"R18"	,"0603WAF5101T5E"	,"R0603"	,"8.763mm"	,"-26.552mm"	,"8.763mm"	,"-26.552mm"	,"8.763mm"	,"-27.305mm"	,"2"	,"T"	,"90"	,"Yes"	,"0603WAF5101T5E_5.1kΩ"	,
"C1"	,"CL10A106KP8NNNC"	,"C0603"	,"14.035mm"	,"-18.161mm"	,"14.035mm"	,"-18.161mm"	,"14.735mm"	,"-18.161mm"	,"2"	,"T"	,"180"	,"Yes"	,"CL10A106KP8NNNC_10uF"	,
"R20"	,"0603WAF9102T5E"	,"R0603"	,"34.154mm"	,"-16.129mm"	,"34.154mm"	,"-16.129mm"	,"34.908mm"	,"-16.129mm"	,"2"	,"T"	,"180"	,"Yes"	,"0603WAF9102T5E_91kΩ"	,
"R17"	,"0603WAF5101T5E"	,"R0603"	,"21.454mm"	,"-21.717mm"	,"21.454mm"	,"-21.717mm"	,"20.701mm"	,"-21.717mm"	,"2"	,"T"	,"0"	,"Yes"	,"0603WAF5101T5E_5.1kΩ"	,
"R11"	,"RC0603FR-07100RL"	,"R0603"	,"70.603mm"	,"-17.399mm"	,"70.603mm"	,"-17.399mm"	,"71.357mm"	,"-17.399mm"	,"2"	,"T"	,"180"	,"Yes"	,"RC0603FR-07100RL_100Ω"	,
"R8"	,"RC0603FR-0710KL"	,"R0603"	,"44.45mm"	,"-14.233mm"	,"44.45mm"	,"-14.233mm"	,"44.45mm"	,"-14.986mm"	,"2"	,"T"	,"90"	,"Yes"	,"RC0603FR-0710KL_10kΩ"	,
"R13"	,"RC0603FR-071KL"	,"R0603"	,"41.901mm"	,"-2.794mm"	,"41.901mm"	,"-2.794mm"	,"41.148mm"	,"-2.794mm"	,"2"	,"T"	,"0"	,"Yes"	,"RC0603FR-071KL_1kΩ"	,
"R14"	,"RC0603FR-0710KL"	,"R0603"	,"24.13mm"	,"-7.502mm"	,"24.13mm"	,"-7.502mm"	,"24.13mm"	,"-8.255mm"	,"2"	,"T"	,"90"	,"Yes"	,"RC0603FR-0710KL_10kΩ"	,
"R4"	,"RC0603FR-07100RL"	,"R0603"	,"17.272mm"	,"-13.598mm"	,"17.272mm"	,"-13.598mm"	,"17.272mm"	,"-14.351mm"	,"2"	,"T"	,"90"	,"Yes"	,"RC0603FR-07100RL_100Ω"	,
"R5"	,"RC0603FR-072KL"	,"R0603"	,"24.511mm"	,"-15.757mm"	,"24.511mm"	,"-15.757mm"	,"24.511mm"	,"-15.003mm"	,"2"	,"T"	,"270"	,"Yes"	,"RC0603FR-072KL_2kΩ"	,
"R2"	,"RC0603FR-071KL"	,"R0603"	,"9.897mm"	,"-6.985mm"	,"9.897mm"	,"-6.985mm"	,"9.144mm"	,"-6.985mm"	,"2"	,"T"	,"0"	,"Yes"	,"RC0603FR-071KL_1kΩ"	,
"C3"	,"CL21A106KAYNNNE_C15850"	,"C0805"	,"29.21mm"	,"-12.841mm"	,"29.21mm"	,"-12.841mm"	,"29.21mm"	,"-13.871mm"	,"2"	,"T"	,"90"	,"Yes"	,"CL21A106KAYNNNE_C15850_10uF"	,
"D33"	,"TPD4E1U06DCKR"	,"SC-70-6_L2.2-W1.3-P0.65-LS2.1-BL"	,"10.414mm"	,"-22.733mm"	,"10.414mm"	,"-22.733mm"	,"11.254mm"	,"-22.083mm"	,"6"	,"B"	,"270"	,"Yes"	,"TPD4E1U06DCKR"	,
"C10"	,"CL21A226MAQNNNE_C45783"	,"C0805"	,"37.435mm"	,"-12.841mm"	,"37.435mm"	,"-12.841mm"	,"37.435mm"	,"-13.871mm"	,"2"	,"T"	,"90"	,"Yes"	,"CL21A226MAQNNNE_C45783_22uF"	,
"R6"	,"RC0603FR-0710KL"	,"R0603"	,"94.065mm"	,"-24.291mm"	,"94.065mm"	,"-24.291mm"	,"93.311mm"	,"-24.291mm"	,"2"	,"B"	,"0"	,"Yes"	,"RC0603FR-0710KL_10kΩ"	,
"R7"	,"RC0603FR-0710KL"	,"R0603"	,"94.065mm"	,"-25.815mm"	,"94.065mm"	,"-25.815mm"	,"93.311mm"	,"-25.815mm"	,"2"	,"B"	,"0"	,"Yes"	,"RC0603FR-0710KL_10kΩ"	,
"R19"	,"RC0603FR-0710KL"	,"R0603"	,"94.065mm"	,"-28.736mm"	,"94.065mm"	,"-28.736mm"	,"93.311mm"	,"-28.736mm"	,"2"	,"B"	,"0"	,"Yes"	,"RC0603FR-0710KL_10kΩ"	,
"R22"	,"RC0603FR-0710KL"	,"R0603"	,"94.082mm"	,"-33.562mm"	,"94.082mm"	,"-33.562mm"	,"93.329mm"	,"-33.562mm"	,"2"	,"B"	,"0"	,"Yes"	,"RC0603FR-0710KL_10kΩ"	,
"C4"	,"CC0603KRX7R9BB104"	,"C0603"	,"94.139mm"	,"-30.387mm"	,"94.139mm"	,"-30.387mm"	,"93.438mm"	,"-30.387mm"	,"2"	,"B"	,"0"	,"Yes"	,"CC0603KRX7R9BB104_0.1uF"	,
"C8"	,"CC0603KRX7R9BB104"	,"C0603"	,"94.135mm"	,"-31.911mm"	,"94.135mm"	,"-31.911mm"	,"93.435mm"	,"-31.911mm"	,"2"	,"B"	,"0"	,"Yes"	,"CC0603KRX7R9BB104_0.1uF"	,
"CARD1"	,"TF-01A_C2889258"	,"TF-SMD_TF-02"	,"85.691mm"	,"-26.704mm"	,"85.691mm"	,"-26.704mm"	,"90.991mm"	,"-24.459mm"	,"13"	,"B"	,"90"	,"Yes"	,"TF-01A_C2889258"	,
"C11"	,"CL21A226MAQNNNE_C45783"	,"C0805"	,"39.512mm"	,"-12.847mm"	,"39.512mm"	,"-12.847mm"	,"39.512mm"	,"-13.877mm"	,"2"	,"T"	,"90"	,"Yes"	,"CL21A226MAQNNNE_C45783_22uF"	,
"R3"	,"AR03BTCX5001"	,"R0603"	,"10.922mm"	,"-18.288mm"	,"10.922mm"	,"-18.288mm"	,"10.169mm"	,"-18.288mm"	,"2"	,"T"	,"0"	,"Yes"	,"AR03BTCX5001_5kΩ"	,
"R21"	,"0603WAF5113T5E"	,"R0603"	,"37.456mm"	,"-16.104mm"	,"37.456mm"	,"-16.104mm"	,"36.703mm"	,"-16.104mm"	,"2"	,"T"	,"0"	,"Yes"	,"0603WAF5113T5E_511kΩ"	,
"EN"	,"TS-1088-AR02016"	,"SW-SMD_L4.0-W2.9-LS5.0"	,"31.623mm"	,"-33.02mm"	,"31.623mm"	,"-33.02mm"	,"31.623mm"	,"-35.055mm"	,"2"	,"T"	,"90"	,"Yes"	,"TS-1088-AR02016"	,
"BOOT"	,"TS-1088-AR02016"	,"SW-SMD_L4.0-W2.9-LS5.0"	,"37.465mm"	,"-33.02mm"	,"37.465mm"	,"-33.02mm"	,"37.465mm"	,"-35.055mm"	,"2"	,"T"	,"90"	,"Yes"	,"TS-1088-AR02016"	,
"SW30"	,"CPG135001D01"	,"KEY-TH_CPG135001D0X"	,"99.946mm"	,"-116.355mm"	,"99.946mm"	,"-116.355mm"	,"97.447mm"	,"-115.306mm"	,"2"	,"T"	,"0"	,"No"	,"CPG135001D01"	,
"U5"	,"oled"	,"oled3.1"	,"103.82mm"	,"-17.855mm"	,"6.35mm"	,"-34.925mm"	,"102.54mm"	,"-26.815mm"	,"16"	,"T"	,"0"	,"No"	,"oled"	,
